<project 
    name = "zyre"
    description = "an open-source framework for proximity-based P2P apps"
    script = "zproject.gsl"
    email = "zeromq-dev@lists.zeromq.org"
    >
    <include filename = "license.xml" />
    <version major = "1" minor = "1" patch = "0" />
    <use project = "czmq" />

    <!-- The order of the classes is NOT important -->
    <class name = "zyre" />
    <class name = "zyre_event" />
    <class name = "zre_msg" />
    <class name = "zyre_peer" private = "1" />
    <class name = "zyre_group" private = "1" />
    <class name = "zyre_node" private = "1" />
    <model name = "zre_msg" />

    <constant name = "ZRE_DISCOVERY_PORT" value = "5670">IANA-assigned UDP port for ZRE</constant>
    <constant name = "PEER_EVASIVE" value = "3000" private = "1" >3 seconds' silence is evasive</constant>
    <constant name = "PEER_EXPIRED" value = "5000" private = "1" >5 seconds' silence is expired</constant>
    <constant name = "REAP_INTERVAL" value = "1000" private = "1" >Once per second</constant>
</project>
